segment_id,length_m,lts,aaa,width_source
0e388fe1a1fae8e6,199.996,3,0,lanes
1988dbdb8efafb05,200.002,1,1,lanes
2119504f9104ab57,200.004,1,1,lanes
2476c2a332c95dec,200.006,3,0,lanes
32037372637c855b,200.005,1,1,lanes
36e5372114ed6dd9,200.004,4,0,lanes
3c1093ba7f24142c,199.997,1,1,lanes
3d23aff1f792abe8,200.001,3,0,lanes
501dd88664d1f091,199.993,4,0,lanes
62986d5c28ed6815,199.996,3,0,lanes
7ec126d90d927937,200.000,1,1,lanes
8110eb49b0fc193a,200.005,4,0,lanes
854168dee3c9c2e3,199.997,3,0,lanes
999648d9ff11012a,200.004,1,1,lanes
a123e86a8930fa23,200.001,3,0,lanes
b7cd1f5a5306ca70,200.005,1,1,lanes
c4a83f6bb28e0e7b,199.994,1,1,lanes
c4e9de0603f654df,200.001,1,1,lanes
c8835835391dd91a,200.006,1,1,lanes
c8a45b74ad07696f,199.993,4,0,lanes
dd944c4189c84d33,199.993,1,1,lanes
e174108043f72c4a,200.004,1,1,lanes
eb729025cd70149b,200.004,4,0,lanes
ebf652442979745f,199.994,1,1,lanes
ed9ea1b5dc44873b,200.005,1,1,lanes
f7386ebc1ee70549,200.001,1,1,lanes
