site_id,name,source,entrances,before,after,new,groups,gap
node/5585647504,St George School,OpenStreetMap node/5585647504,Unknown entrance link,0,0,0,,No complete confirmed trip from a positive-population origin.
node/9866084044,Our Lady of Fatima Catholic Primary School,OpenStreetMap node/9866084044,Unknown entrance link,0,0,0,,No complete confirmed trip from a positive-population origin.
node/9866084045,St Ursula's College,OpenStreetMap node/9866084045,Unknown entrance link,0,0,0,,No complete confirmed trip from a positive-population origin.
relation/1157763,St Therese Catholic Primary School,OpenStreetMap relation/1157763,Unknown entrance link,0,0,0,,No complete confirmed trip from a positive-population origin.
way/1075791150,,OpenStreetMap way/1075791150,Unknown entrance link,0,0,0,,No complete confirmed trip from a positive-population origin.
way/1109614723,The Scots College Brighton Preparatory School,OpenStreetMap way/1109614723,Unknown entrance link,0,0,0,,No complete confirmed trip from a positive-population origin.
way/1133993170,St Michael's Catholic Primary School,OpenStreetMap way/1133993170,Unknown entrance link,0,0,0,,No complete confirmed trip from a positive-population origin.
way/1148510149,St Mary & St Mina's Coptic Orthodox College,OpenStreetMap way/1148510149,Unknown entrance link,0,0,0,,No complete confirmed trip from a positive-population origin.
way/1208386109,,OpenStreetMap way/1208386109,Unknown entrance link,0,0,0,,No complete confirmed trip from a positive-population origin.
way/1329345514,St. Benards Catholic Primary School,OpenStreetMap way/1329345514,Unknown entrance link,0,0,0,,No complete confirmed trip from a positive-population origin.
way/1368005270,,OpenStreetMap way/1368005270,Unknown entrance link,0,0,0,,No complete confirmed trip from a positive-population origin.
way/1472122854,St Dominic Savio School,OpenStreetMap way/1472122854,Unknown entrance link,0,0,0,,No complete confirmed trip from a positive-population origin.
way/1502732309,Hartford College,OpenStreetMap way/1502732309,Unknown entrance link,0,0,0,,No complete confirmed trip from a positive-population origin.
way/169394376,Daceyville Public School,OpenStreetMap way/169394376,Unknown entrance link,0,0,0,,No complete confirmed trip from a positive-population origin.
way/172474318,Pagewood Public School,OpenStreetMap way/172474318,Unknown entrance link,0,0,0,,No complete confirmed trip from a positive-population origin.
way/175146090,J J Cahill Memorial High School,OpenStreetMap way/175146090,Unknown entrance link,0,0,0,,No complete confirmed trip from a positive-population origin.
way/17594099,Bexley Primary School,OpenStreetMap way/17594099,Unknown entrance link,0,0,0,,No complete confirmed trip from a positive-population origin.
way/17595318,Rockdale Primary School,OpenStreetMap way/17595318,Unknown entrance link,0,0,0,,No complete confirmed trip from a positive-population origin.
way/188015636,Brighton Le Sands Public School,OpenStreetMap way/188015636,Unknown entrance link,0,0,0,,No complete confirmed trip from a positive-population origin.
way/291300133,Sydney Technical High School,OpenStreetMap way/291300133,Unknown entrance link,0,0,0,,No complete confirmed trip from a positive-population origin.
way/366434083,Arncliffe West Public School Preschool Centre,OpenStreetMap way/366434083,Unknown entrance link,0,0,0,,No complete confirmed trip from a positive-population origin.
way/368557092,Cairnsfoot Public School,OpenStreetMap way/368557092,Unknown entrance link,0,0,0,,No complete confirmed trip from a positive-population origin.
way/421696005,St Mary's Star of the Sea,OpenStreetMap way/421696005,Unknown entrance link,0,0,0,,No complete confirmed trip from a positive-population origin.
way/421696006,Bethany College,OpenStreetMap way/421696006,Unknown entrance link,0,0,0,,No complete confirmed trip from a positive-population origin.
way/423988594,Mascot Public School,OpenStreetMap way/423988594,Unknown entrance link,0,0,0,,No complete confirmed trip from a positive-population origin.
way/502800742,Bexley North Public School,OpenStreetMap way/502800742,Unknown entrance link,0,0,0,,No complete confirmed trip from a positive-population origin.
way/514930229,Carlton Public School,OpenStreetMap way/514930229,Unknown entrance link,0,0,0,,No complete confirmed trip from a positive-population origin.
way/521113234,Cairnsfoot School,OpenStreetMap way/521113234,Unknown entrance link,0,0,0,,No complete confirmed trip from a positive-population origin.
way/532707653,Kingsgrove Primary School,OpenStreetMap way/532707653,Unknown entrance link,0,0,0,,No complete confirmed trip from a positive-population origin.
way/550099450,Bardwell Park Infants School,OpenStreetMap way/550099450,Unknown entrance link,0,0,0,,No complete confirmed trip from a positive-population origin.
way/600047345,Eastlakes Public School,OpenStreetMap way/600047345,Unknown entrance link,0,0,0,,No complete confirmed trip from a positive-population origin.
way/600047349,Matraville Public School,OpenStreetMap way/600047349,Unknown entrance link,0,0,0,,No complete confirmed trip from a positive-population origin.
way/600047353,Ramsgate Public School,OpenStreetMap way/600047353,Unknown entrance link,0,0,0,,No complete confirmed trip from a positive-population origin.
way/600907442,Bayside High School,OpenStreetMap way/600907442,Unknown entrance link,0,0,0,,No complete confirmed trip from a positive-population origin.
way/600907446,Banksmeadow Public School Preschool,OpenStreetMap way/600907446,Unknown entrance link,0,0,0,,No complete confirmed trip from a positive-population origin.
way/600907447,Banksmeadow Public School,OpenStreetMap way/600907447,Unknown entrance link,0,0,0,,No complete confirmed trip from a positive-population origin.
way/600907448,John Brotchie Nursery School,OpenStreetMap way/600907448,Unknown entrance link,0,0,0,,No complete confirmed trip from a positive-population origin.
way/600907449,Botany Public School,OpenStreetMap way/600907449,Unknown entrance link,0,0,0,,No complete confirmed trip from a positive-population origin.
way/600907450,North Brighton Pre-School,OpenStreetMap way/600907450,Unknown entrance link,0,0,0,,No complete confirmed trip from a positive-population origin.
way/600907451,Kyeemagh Public School,OpenStreetMap way/600907451,Unknown entrance link,0,0,0,,No complete confirmed trip from a positive-population origin.
way/600907452,Arncliffe Public School,OpenStreetMap way/600907452,Unknown entrance link,0,0,0,,No complete confirmed trip from a positive-population origin.
way/600907453,Athelstane Public School,OpenStreetMap way/600907453,Unknown entrance link,0,0,0,,No complete confirmed trip from a positive-population origin.
way/630869551,Marist College Kogarah,OpenStreetMap way/630869551,Unknown entrance link,0,0,0,,No complete confirmed trip from a positive-population origin.
way/75617037,St Francis Xavier's School,OpenStreetMap way/75617037,Unknown entrance link,0,0,0,,No complete confirmed trip from a positive-population origin.
way/78300475,St Mary and St Mina's Coptic Orthodox College - Rockdale Campus,OpenStreetMap way/78300475,Unknown entrance link,0,0,0,,No complete confirmed trip from a positive-population origin.
way/942233879,Kingdom Culture Christian School,OpenStreetMap way/942233879,Unknown entrance link,0,0,0,,No complete confirmed trip from a positive-population origin.
way/953200605,St Gabriel Catholic Primary School Bexley,OpenStreetMap way/953200605,Unknown entrance link,0,0,0,,No complete confirmed trip from a positive-population origin.
